{"stats":{"minecraft:dropped":{"minecraft:redstone_torch":1},"minecraft:used":{"minecraft:redstone_torch":1,"minecraft:oak_sign":3},"minecraft:custom":{"minecraft:jump":5,"minecraft:time_since_rest":3462,"minecraft:leave_game":1,"minecraft:crouch_one_cm":971,"minecraft:deaths":1,"minecraft:sprint_one_cm":1471,"minecraft:play_time":6149,"minecraft:damage_taken":240,"minecraft:time_since_death":3437,"minecraft:walk_one_cm":1888,"minecraft:sneak_time":792,"minecraft:total_world_time":55023,"minecraft:drop":1,"minecraft:fly_one_cm":135174}},"DataVersion":2975}